{
 "bull_1M": {
  "mean": 0.020027421696535572,
  "t": 1.626787600317187,
  "n": 78
 },
 "bull_1Y": {
  "mean": -0.05179823741693063,
  "t": -1.4876294695044012,
  "n": 68
 },
 "bull_3Y": {
  "mean": -0.2721692119496855,
  "t": -4.493964225675103,
  "n": 53
 },
 "bear_1M": {
  "mean": -0.018600032163382595,
  "t": -1.6792914044906353,
  "n": 58
 },
 "bear_1Y": {
  "mean": -0.10663170488976433,
  "t": -2.904423295787611,
  "n": 53
 },
 "bear_3Y": {
  "mean": -0.17432720337763014,
  "t": -1.5134742621035322,
  "n": 43
 },
 "spread_1M": {
  "mean": 0.03862745385991817,
  "t": 2.33254109264441
 },
 "bull_1Y_extop5": {
  "mean": -0.061002382637600494,
  "top5": [
   "NVDA",
   "TSM",
   "AMD",
   "GOOGL",
   "AVGO"
  ]
 }
}